,chr,start,end,size,mean_cov,max_cov,mean_rm,mean_zscore,max_zscore,log2_ratio
0,ENA|JB409847|JB409847.1,3553,4252,699,24.59370529327611,720,919.4105865522174,-15.771770526943353,-16.20446159709988,-5.224348264973566
1,ENA|JB409847|JB409847.1,4756,5051,295,1060.4847457627118,1079,821.0440677966102,4.501922857269605,4.864558292196976,0.3691923062003919
2,ENA|JB409847|JB409847.1,5399,6212,813,401.34317343173433,709,877.3333333333334,-8.843339955033514,-12.933156874712559,-1.1282887246654094
3,ENA|JB409847|JB409847.1,9344,9561,217,766.705069124424,803,1043.811059907834,-4.429180800540079,-4.815085218033183,-0.44511697004708645
4,ENA|JB409847|JB409847.1,17045,17048,3,1.0,3,1005.0,-16.188510153825877,-16.20446159709988,-9.972979786066292
5,ENA|JB409847|JB409847.1,17052,17053,1,4.0,4,1005.0,-16.14065582400387,-16.14065582400387,-7.972979786066291
6,ENA|JB409847|JB409847.1,17186,17525,339,676.7935103244838,790,987.2035398230089,-5.2148466357086845,-6.96256384733051,-0.5446318328496671
7,ENA|JB409847|JB409847.1,19257,19258,1,13.0,13,962.0,-15.987823752635377,-15.987823752635377,-6.20945336562895
8,ENA|JB409847|JB409847.1,19554,19722,168,684.3214285714286,733,963.0,-4.812463651837992,-5.483700313818092,-0.4928616740064572
