,chr,start,end,size,mean_cov,max_cov,mean_rm,mean_zscore,max_zscore,log2_ratio
0,ENA|JB409847|JB409847.1,3553,4252,699,24.59370529327611,720,945.6967095851217,-14.983882786165838,-15.3973955486009,-5.265016563893968
1,ENA|JB409847|JB409847.1,4583,5150,567,1021.1534391534392,1079,688.2328042328043,7.4039660919837305,9.27589874074374,0.5692310986808844
2,ENA|JB409847|JB409847.1,5423,6188,765,386.12679738562093,656,864.2235294117647,-8.510057058969261,-12.25689865540691,-1.1623298288963626
3,ENA|JB409847|JB409847.1,9362,9524,162,760.1481481481482,776,1029.932098765432,-4.089821281811993,-4.36465690996388,-0.43819670335963984
4,ENA|JB409847|JB409847.1,17045,17048,3,1.0,3,993.6666666666666,-15.381982302512823,-15.3973955486009,-9.956618159270013
5,ENA|JB409847|JB409847.1,17052,17053,1,4.0,4,993.0,-15.335680476651056,-15.335680476651056,-7.9556499075283735
6,ENA|JB409847|JB409847.1,17236,17511,275,657.84,756,971.8545454545455,-5.027639492736424,-6.4195209842639915,-0.5630036721646755
