,chr,start,end,size,mean_cov,max_cov,mean_rm,mean_zscore,max_zscore,log2_ratio
0,ENA|JB409847|JB409847.1,3534,4252,718,43.486072423398326,755,917.6483286908078,-15.43768639155538,-16.19997721220138,-4.399316055637147
1,ENA|JB409847|JB409847.1,4714,5100,386,1048.541450777202,1079,823.5401554404145,4.208338449739923,4.814318601740461,0.3484729930292351
2,ENA|JB409847|JB409847.1,5363,6247,884,425.0169683257919,770,877.5316742081448,-8.412731275134414,-12.9292209090435,-1.045930759563565
3,ENA|JB409847|JB409847.1,6571,6715,144,774.0902777777778,790,942.2986111111111,-3.032681862140126,-3.315976360312287,-0.2836824877135156
4,ENA|JB409847|JB409847.1,9301,9599,298,783.248322147651,861,1043.6862416107383,-4.1710016729882895,-4.812510209835339,-0.4141463873840942
5,ENA|JB409847|JB409847.1,17045,17053,8,460.625,921,1006.6875,-8.86542834983283,-16.19997721220138,-1.1279512862992618
6,ENA|JB409847|JB409847.1,17140,17571,431,700.429234338747,826,987.3781902552204,-4.830341369227674,-6.959628824192121,-0.4953634785308071
7,ENA|JB409847|JB409847.1,19257,19258,1,13.0,13,962.0,-15.983375686077663,-15.983375686077663,-6.20945336562895
8,ENA|JB409847|JB409847.1,19516,19796,280,716.3035714285714,798,962.0,-4.265173616870922,-5.469870841149658,-0.4254657587726794
