,chr,start,end,size,mean_cov,max_cov,mean_rm,mean_zscore,max_zscore,log2_ratio
0,ENA|JB409847|JB409847.1,3549,4252,703,28.55334281650071,725,945.7339971550498,-15.968778337371957,-16.47768401598737,-5.0497028987464185
1,ENA|JB409847|JB409847.1,4565,5158,593,1018.9629005059022,1079,692.0860033726813,7.673071223238993,9.839446046844232,0.5580782919362407
2,ENA|JB409847|JB409847.1,5412,6200,788,393.3984771573604,670,863.6015228426396,-8.986446763155676,-13.127954375880199,-1.1343744143919037
3,ENA|JB409847|JB409847.1,9351,9548,197,763.7664974619289,792,1030.1725888324872,-4.362225712542615,-4.7098992079559565,-0.4316825151924873
4,ENA|JB409847|JB409847.1,17045,17048,3,1.0,3,993.6666666666666,-16.46124387640838,-16.47768401598737,-9.956618159270013
5,ENA|JB409847|JB409847.1,17052,17053,1,4.0,4,993.0,-16.4118572335442,-16.4118572335442,-7.9556499075283735
6,ENA|JB409847|JB409847.1,17228,17523,295,663.0305084745763,756,972.0067796610169,-5.3316546342994915,-6.901666730793398,-0.5518911209608519
7,ENA|JB409847|JB409847.1,19257,19258,1,13.0,13,962.0,-16.256852951912812,-16.256852951912812,-6.20945336562895
8,ENA|JB409847|JB409847.1,19552,19724,172,685.5116279069767,738,966.703488372093,-4.889373386045877,-5.605860473077096,-0.4958923099118016
