,chr,start,end,size,mean_cov,max_cov,mean_rm,mean_zscore,max_zscore,log2_ratio
0,ENA|JB409847|JB409847.1,3541,4252,711,36.51054852320675,742,919.4205344585091,-19.511802446940706,-20.31720635133655,-4.654339639201288
1,ENA|JB409847|JB409847.1,4735,5074,339,1055.4424778761063,1079,840.0,5.020579620837072,5.586120108473229,0.32938672024829585
2,ENA|JB409847|JB409847.1,5378,6160,782,390.8542199488491,665,786.5204603580563,-10.350874724449941,-15.601453950020518,-1.0088536818085372
3,ENA|JB409847|JB409847.1,9333,9571,238,769.9747899159664,813,1005.0,-4.867372099819299,-5.448762175880193,-0.384312385625092
4,ENA|JB409847|JB409847.1,17045,17048,3,1.0,3,991.0,-20.296857508108726,-20.31720635133655,-9.952741247186488
5,ENA|JB409847|JB409847.1,17052,17053,1,4.0,4,991.0,-20.235810978425242,-20.235810978425242,-7.952741247186488
6,ENA|JB409847|JB409847.1,17162,17531,369,685.1409214092141,802,961.4661246612466,-5.946742485094097,-8.414420697328227,-0.48883527245122477
7,ENA|JB409847|JB409847.1,19257,19258,1,13.0,13,941.0,-20.0386153340102,-20.0386153340102,-6.177611194587445
8,ENA|JB409847|JB409847.1,19523,19796,273,714.5934065934066,798,966.5750915750916,-5.409251407986694,-6.901180376778403,-0.43575921478090157
