,chr,start,end,size,mean_cov,max_cov,mean_rm,mean_zscore,max_zscore,log2_ratio
0,ENA|JB409847|JB409847.1,3553,4252,699,24.59370529327611,720,895.5665236051502,-14.382695672188454,-14.788595358523517,-5.186439587880071
1,ENA|JB409847|JB409847.1,5381,6206,825,404.37454545454545,683,902.3127272727273,-8.249677341776838,-11.831349524030667,-1.157935349941529
2,ENA|JB409847|JB409847.1,9362,9521,159,759.9937106918239,776,1033.0,-4.030346999189157,-4.29921640430828,-0.44278086946998035
3,ENA|JB409847|JB409847.1,17045,17048,3,1.0,3,1007.0,-14.774074161478133,-14.788595358523517,-9.975847968006784
4,ENA|JB409847|JB409847.1,17052,17053,1,4.0,4,1006.0,-14.730452831983946,-14.730452831983946,-7.974414589805527
5,ENA|JB409847|JB409847.1,17236,17511,275,657.84,756,987.0072727272727,-5.041357475743884,-6.3756539564450945,-0.5853239811694126
6,ENA|JB409847|JB409847.1,19257,19258,1,13.0,13,952.0,-14.58891364579124,-14.58891364579124,-6.194378045166851
7,ENA|JB409847|JB409847.1,19587,19706,119,670.546218487395,705,942.7058823529412,-4.3871659951382656,-4.812840640824127,-0.49147095467494445
