,chr,start,end,size,mean_cov,max_cov,mean_rm,mean_zscore,max_zscore,log2_ratio
0,ENA|JB409847|JB409847.1,1,19,18,826.6666666666666,848,951.4444444444445,-4.814785771514358,-5.912955067800508,-0.2028137041335002
1,ENA|JB409847|JB409847.1,3554,4226,672,0.0,0,0.0,-4.010000000000046,-4.01,
2,ENA|JB409847|JB409847.1,4227,4228,1,698.0,698,7.0,-35.64532025020739,-35.64532025020739,6.639728304152048
3,ENA|JB409847|JB409847.1,4251,4252,1,7.0,7,720.0,-35.30033101852292,-35.30033101852292,-6.68449817427207
4,ENA|JB409847|JB409847.1,5592,6035,443,279.56884875846504,410,460.0,-14.079253640894056,-21.682898923151285,-0.718430245253964
5,ENA|JB409847|JB409847.1,6316,6433,117,894.4358974358975,918,780.4188034188035,5.0251745385623865,6.170942829596382,0.1967295520255557
6,ENA|JB409847|JB409847.1,6638,6718,80,771.125,782,868.2625,-4.128541929884335,-4.799756180070013,-0.17116653445813143
7,ENA|JB409847|JB409847.1,9302,9591,289,780.9653979238755,849,953.0,-6.566359093951883,-8.054456078673796,-0.28721758554967336
8,ENA|JB409847|JB409847.1,17045,17048,3,1.0,3,958.6666666666666,-35.60831857482935,-35.64532025020739,-9.904885459718141
9,ENA|JB409847|JB409847.1,17052,17053,1,4.0,4,952.0,-35.496225264125265,-35.496225264125265,-7.894817763307944
10,ENA|JB409847|JB409847.1,17182,17542,360,681.6111111111111,790,864.0,-7.651451972847508,-12.276406818247185,-0.34208245890503386
11,ENA|JB409847|JB409847.1,17923,18029,106,1045.811320754717,1065,926.8584905660377,4.3934280174863405,5.077854450478374,0.17420159707903274
12,ENA|JB409847|JB409847.1,19257,19258,1,13.0,13,941.0,-35.15509720351441,-35.15509720351441,-6.177611194587445
13,ENA|JB409847|JB409847.1,19506,19796,290,719.6689655172414,828,932.5,-8.263566884089737,-11.0731840063584,-0.3737702794090692
