,chr,start,end,size,mean_cov,max_cov,mean_rm,mean_zscore,max_zscore,log2_ratio
0,ENA|FN433596|FN433596.1,1,425,424,40.37735849056604,61,99.0,-5.807481190123615,-9.746984594778025,-1.2938819933542995
1,ENA|FN433596|FN433596.1,7010,7016,6,140.83333333333334,142,99.0,3.993721010942208,4.107549341403794,0.5084884103687808
2,ENA|FN433596|FN433596.1,7505,7509,4,141.5,142,99.0,4.058765771205971,4.107549341403794,0.5153016227522726
3,ENA|FN433596|FN433596.1,136602,136607,5,143.8,146,100.0,4.1428686462270194,4.355369878008737,0.5240636757772109
4,ENA|FN433596|FN433596.1,651850,651875,25,143.56,146,99.0,4.259754080421003,4.497817902986381,0.5361533979617432
5,ENA|FN433596|FN433596.1,753049,753123,74,142.4189189189189,148,99.0,4.14842206238035,4.692952183777676,0.524640376234968
6,ENA|FN433596|FN433596.1,753441,753568,127,148.03149606299212,160,99.0,4.696025164577539,5.8637578685254335,0.5804037346005866
7,ENA|FN433596|FN433596.1,848300,848303,3,145.0,145,101.0,4.120107488187393,4.120107488187393,0.5216976072631396
8,ENA|FN433596|FN433596.1,1944216,1944221,5,144.4,146,100.0,4.200823527622033,4.355369878008737,0.5300707422250839
9,ENA|FN433596|FN433596.1,1947924,1947933,9,143.44444444444446,146,99.0,4.248479655308618,4.497817902986381,0.5349916637852689
10,ENA|FN433596|FN433596.1,2013924,2013943,19,144.26315789473685,148,101.0,4.049639506640562,4.407012841628056,0.5143476166303951
11,ENA|FN433596|FN433596.1,2396255,2396269,14,139.28571428571428,141,98.0,3.981394744419919,4.150359413210047,0.5071936424641608
12,ENA|FN433596|FN433596.1,2822641,2822663,22,140.36363636363637,144,98.0,4.0876376800985605,4.446047583592773,0.518315574515575
13,ENA|FN433596|FN433596.1,2929229,2929255,26,140.65384615384616,145,100.0,3.838977024553162,4.258778409017046,0.4921490034255514
14,ENA|FN433596|FN433596.1,3032994,3032996,2,58.0,58,99.0,-4.088090451830522,-4.088090451830522,-0.7713756249520375
15,ENA|FN433596|FN433596.1,3042782,3043211,429,41.892773892773896,59,99.0,-5.659626442818676,-9.746984594778025,-1.2407271110557168
